current ,temperature,vibration
1.944,26.94,2.9001
1.9536,26.94,3.415
1.9799,26.94,3.0234
1.969,26.94,2.9447
1.9608,27,3.3089
1.9451,27.06,3.2803
1.9438,27.19,2.6235
1.9553,27.31,2.5766
1.9467,27.44,3.013
1.9395,27.62,2.3578
1.9555,27.81,3.0472
1.9577,28,2.594
1.9462,28.19,2.5778
1.9419,28.37,2.8836
1.9453,28.62,3.2456
1.9389,28.75,3.1406
1.9444,29,2.6305
1.9457,29.19,3.1255
1.9452,29.44,2.9606
1.9422,29.62,2.8909
1.9541,29.87,3.0729
1.9709,30,3.4036
1.9581,30.19,3.2093
1.9566,30.37,2.6021
1.9434,30.5,2.8449
1.9645,30.69,3.0928
1.9566,30.75,3.3613
1.9398,30.87,3.3726
1.9511,31,3.0977
1.9554,31.12,3.278
1.9478,31.25,2.8181
1.9537,31.37,2.772
1.9469,31.44,2.9991
1.9405,31.5,2.7609
1.9475,31.62,2.7062
1.9389,31.69,2.972
1.9371,31.75,2.8417
1.9293,31.87,3.0832
1.9336,32,2.7062
1.9287,32.06,2.9583
1.9301,32.19,2.8883
1.9344,32.25,2.8129
1.9369,32.31,3.341
1.9398,32.38,2.7522
1.168,32.44,3.0086
1.9348,32.5,3.4741
1.9336,32.56,2.752
1.943,32.63,3.1939
1.9481,32.63,2.7028
1.9299,32.75,2.7869
1.9475,32.75,2.928
1.9411,32.81,2.5924
1.9513,32.88,2.7201
1.9416,32.94,2.8671
1.9414,33.06,3.2369
1.95,33.06,2.9868
1.947,33.13,2.7242
1.9493,33.19,3.0184
1.9341,33.19,3.2937
1.943,33.25,3.3114
1.9373,33.31,3.3393
1.9366,33.31,3.1076
1.9397,33.38,3.196
1.9383,33.38,2.8178
1.9338,33.44,3.3125
1.9362,33.44,3.1732
1.9376,33.5,2.8878
1.9305,33.56,2.5972
1.9402,33.56,2.8964
1.9371,33.63,3.0304
1.9321,33.69,3.0884
1.9369,33.69,3.0776
1.938,33.75,3.2596
1.937,33.69,3.404
1.9331,33.69,3.0328
1.9323,33.63,2.5158
1.9282,33.63,3.2988
1.9331,33.63,2.8854
1.9361,33.69,3.2685
1.9416,33.75,3.7543
1.9376,33.75,2.7455
1.9378,33.75,3.2427
1.9422,33.75,2.4261
1.951,33.75,3.0022
1.9457,33.75,2.8413
1.9477,33.81,2.8843
1.9458,33.81,3.0355
1.9445,33.88,2.8836
1.9428,33.94,2.8404
1.9395,34,3.002
1.9443,34,3.397
1.9428,34.06,3.2274
1.9411,34.06,3.3332
1.9337,34.06,2.8675
1.9356,34.06,2.7856
1.9412,34.06,3.155
1.937,34.13,3.0243
1.9332,34.13,2.5836
1.9323,34.13,3.1428
1.9328,34.19,2.6649
1.9343,34.19,3.2729
1.9277,34.19,2.9183
1.9288,34.19,2.9201
1.9276,34.25,2.8537
1.9282,34.31,3.3932
1.9278,34.31,2.7269
1.9264,34.31,2.6404
1.9205,34.38,2.6049
1.9293,34.38,3.0796
1.931,34.44,2.5814
1.9337,34.44,3.3673
1.9286,34.44,3.0452
1.9184,34.44,2.6969
1.9175,34.44,2.8384
1.9546,34.44,3.225
1.9383,34.5,2.7574
1.9268,34.5,2.403
1.927,34.5,3.0234
1.924,34.5,3.2378
1.9452,34.5,3.1281
1.9293,34.5,3.144
1.9355,34.5,2.6561
1.9206,34.5,2.6213
1.9298,34.44,3.2296
1.9257,34.5,2.9545
1.9209,34.5,3.0254
1.9317,34.5,2.754
1.9336,34.44,2.3956
1.9274,34.44,2.5989
1.9451,34.38,3.2367
1.9307,34.38,3.3485
1.9333,34.38,2.9255
1.9287,34.38,3.0124
1.9383,34.38,3.3887
1.9301,34.31,3.231
1.9335,34.38,2.8809
1.9435,34.38,2.4735
1.9537,34.31,3.1174
1.9566,34.38,2.6043
1.9347,34.38,2.877
1.939,34.38,3.2363
1.9445,34.38,2.9374
1.9416,34.44,3.2087
1.9455,34.5,2.8599
1.9495,34.44,3.2183
1.95,34.44,2.9218
1.9479,34.44,2.5802
1.951,34.5,3.0259
1.9532,34.56,2.5541
1.9495,34.63,2.7196
1.9531,34.63,2.8919
1.946,34.69,2.3785
1.9558,34.69,2.903
1.953,34.69,3.0512
1.9619,34.69,3.0968
1.9493,34.69,2.7022
1.9557,34.69,3.1049
1.94,34.75,3.1262
1.95,34.75,2.976
1.9544,34.75,3.127
1.9464,34.75,3.1097
1.9397,34.75,2.5454
1.9483,34.75,3.4872
1.9431,34.81,2.778
1.9411,34.88,3.2429
1.9458,34.94,2.5543
1.9386,35,2.9341
1.9413,35,3.3237
1.9375,35,3.3499
1.9399,35.06,2.8254
1.9499,35.06,2.6452
1.9468,35.06,2.9928
1.9403,35.06,2.7656
1.9492,35.06,3.4406
1.9451,35.06,3.1507
1.954,35.06,2.9554
1.9469,35.13,2.6678
1.9441,35.13,3.1643
1.9477,35.19,2.902
1.9392,35.19,3.0921
1.9466,35.19,2.5366
1.9474,35.19,2.9935
1.9396,35.19,2.6946
1.9568,35.25,2.4968
1.9407,35.25,2.8031
1.9427,35.25,3.2788
1.9501,35.25,2.6494
1.9402,35.31,2.6477
1.9388,35.31,2.9825
1.9379,35.31,2.7782
1.932,35.25,2.8248
1.951,35.25,2.8975
1.9545,35.25,2.7988
1.9498,35.25,2.979
1.947,35.25,2.6409
1.944,35.19,2.981
1.9523,35.13,3.2128
1.9443,35.06,2.7416
2.1965,35.06,0
2.2063,35.13,3.271
2.1874,35.19,2.9112
2.1848,35.13,3.5416
2.1879,35.19,2.6755
2.1887,35.19,3.1861
2.1986,35.19,3.4457
2.1994,35.19,3.433
2.1623,35.25,2.6283
2.1881,35.25,3.142
2.1678,35.31,3.2474
2.1654,35.31,2.6827
2.194,35.38,2.8465
2.189,35.44,2.587
2.1514,35.44,2.5562
2.1867,35.38,2.6103
2.1745,35.38,3.0961
2.1759,35.31,3.2438
2.183,35.25,3.3294
2.1979,35.19,3.0791
2.1727,35.25,2.9525
2.1514,35.19,3.3786
2.1465,35.19,2.5793
2.154,35.25,2.2416
2.1764,35.25,3.0409
2.19,35.19,2.3755
2.1718,35.19,3.2203
2.1586,35.19,2.432
2.1588,35.13,2.9371
2.1639,35.13,3.3185
2.1567,35.13,2.9292
2.1655,35.13,3.0965
2.158,35.13,3.1331
2.1657,35.19,2.7943
2.1749,35.19,2.8029
2.1591,35.19,2.8401
2.1729,35.25,3.4469
2.1612,35.25,2.8234
2.1558,35.25,3.1274
2.1708,35.25,3.22
2.1657,35.31,3.2778
2.1598,35.31,2.794
2.1626,35.31,2.7056
2.1587,35.31,2.5994
2.1644,35.25,2.975
2.1535,35.31,2.6789
2.1519,35.25,3.2364
2.1565,35.25,3.4086
2.1558,35.25,2.5533
2.1575,35.25,3.0853
2.1604,35.19,2.9188
2.1548,35.25,2.6109
2.168,35.25,3.3526
2.155,35.31,3.3259
2.1719,35.31,2.941
2.1579,35.38,2.9771
2.1675,35.38,2.6926
2.1666,35.44,3.058
2.1462,35.5,3.1039
2.1626,35.5,2.9839
2.1571,35.5,3.1354
2.1603,35.5,3.0422
2.1488,35.5,3.3889
2.173,35.5,3.0969
2.1567,35.5,2.9445
2.1443,35.5,2.9907
2.1686,35.56,2.4669
2.1502,35.63,3.4256
2.1631,35.63,2.6635
2.1394,35.63,3.0577
2.1473,35.56,2.4928
2.1399,35.63,2.8266
2.1537,35.63,3.1847
2.1591,35.69,3.5016
2.1427,35.75,3.103
2.1529,35.75,3.1582
2.1455,35.75,2.8118
2.1502,35.69,3.2273
2.158,35.69,2.7621
2.1459,35.75,3.1889
2.1496,35.75,2.9336
2.1571,35.75,3.2285
2.1502,35.75,3.2005
2.1503,35.75,3.1757
2.1541,35.75,2.7045
2.1469,35.75,3.0901
2.1435,35.69,2.9939
2.143,35.69,3.1435
2.1565,35.63,3.0865
2.1305,35.69,3.5226
2.1286,35.69,2.6643
2.1165,35.63,3.2053
2.1238,35.63,3.0933
2.1512,35.56,2.5613
2.1366,35.5,3.1769
2.1433,35.5,3.0148
2.1398,35.5,3.1342
2.1288,35.5,2.8196
2.1442,35.5,2.7598
2.1311,35.5,3.1773
2.1305,35.5,2.7854
2.1398,35.5,2.988
2.1454,35.5,3.3599
2.1442,35.56,2.9005
2.1384,35.56,2.5742
2.1441,35.56,2.8678
2.1287,35.56,2.7217
2.1407,35.5,2.9966
2.1507,35.5,2.806
2.1539,35.5,3.024
2.1346,35.44,3.1336
2.14,35.44,2.4608
2.1415,35.44,3.108
2.1351,35.44,2.7802
2.1391,35.44,3.3775
2.1385,35.38,2.5363
2.1392,35.38,3.2156
2.1385,35.38,3.0204
2.141,35.31,3.2469
2.1416,35.31,3.0277
2.1368,35.25,3.0638
2.1344,35.25,2.6313
2.147,35.31,2.7892
2.143,35.31,3.431
2.1417,35.31,3.2557
2.1328,35.31,3.0326
2.152,35.38,3.1318
2.1258,35.38,3.0158
2.137,35.38,3.007
2.1347,35.44,2.6785
2.1383,35.44,2.8285
2.1402,35.44,2.6808
1.9059,25.31,3.1427
1.9684,25.31,2.9668
1.9127,25.31,2.7182
1.9053,25.37,2.7228
1.9316,25.37,3.2913
1.9784,25.44,3.4786
1.9923,25.5,3.5535
2.0029,25.62,3.0833
2.003,25.75,2.7112
1.9823,25.87,2.7312
1.9451,26,2.3212
2.0042,26.12,3.2488
2.0098,26.31,2.8055
2.0243,26.5,2.7816
2.0465,26.62,3.2825
2.0342,26.81,3.0781
2.0222,27,3.4225
2.0279,27.19,3.4605
2.0335,27.37,3.3341
2.0423,27.5,2.7036
2.0353,27.69,3.1985
2.0365,27.81,2.8993
2.0357,27.94,2.4517
2.0469,28.06,2.6924
2.0326,28.25,2.8394
2.0446,28.37,3.6178
2.0366,28.56,2.6445
2.0373,28.69,3.5323
2.0369,28.81,2.6616
2.0379,28.94,2.9381
2.0446,29.06,2.2312
2.0327,29.19,3.751
2.0434,29.25,3.3146
2.0369,29.31,3.5624
2.0344,29.37,2.769
2.0391,29.44,3.2789
2.0258,29.56,2.5023
2.0387,29.69,3.0135
2.0452,29.75,3.5121
2.041,29.87,3.5197
2.05,29.94,3.8257
2.0593,30.06,3.5087
2.0585,30.12,2.9885
2.0524,30.19,3.3611
2.0419,30.25,2.8303
2.0486,30.31,3.174
2.0578,30.31,3.2383
2.0516,30.44,3.3872
2.0521,30.5,2.9845
2.0371,30.62,3.2171
2.0347,30.69,2.8929
2.0401,30.81,3.1445
2.039,30.81,3.0742
2.0377,30.87,2.7436
2.049,30.87,2.9497
2.03,30.94,2.9815
2.0375,31,3.5096
2.0402,31.06,2.3097
2.0401,31.12,2.9086
2.0311,31.19,2.9716
2.0461,31.19,2.0341
2.0452,31.19,3.9815
2.0416,31.19,3.1159
2.0489,31.25,3.1563
2.0332,31.25,2.6414
2.0678,31.31,2.3331
2.0638,31.31,2.5019
2.0475,31.37,2.5783
2.0622,31.37,2.6467
2.0623,31.44,3.0101
2.0454,31.44,3.9216
2.0312,31.44,3.2269
2.0344,31.44,2.3071
2.0382,31.44,1.9488
2.048,31.44,2.7041
2.0391,31.5,2.7591
2.0245,31.5,3.4294
2.0186,31.5,2.3321
2.0421,31.56,3.1102
2.0238,31.5,0
2.0113,31.56,2.6586
2.059,31.62,3.1715
2.0069,31.69,2.8395
2.0312,31.75,2.726
1.9719,31.94,3.363
1.9962,32.06,3.0918
2.0045,32.13,3.2144
2.0045,32.19,2.8522
2.004,32.31,2.9589
2.012,32.38,2.9252
1.969,32.44,3.301
1.9848,32.44,2.931
1.9947,32.5,2.9326
1.9792,32.56,2.9777
1.9824,32.63,2.9817
1.9866,32.63,2.6326
1.9862,32.63,2.9771
1.9977,32.69,2.9327
1.9969,32.69,3.0565
1.9972,32.75,2.7985
1.985,32.81,2.9057
1.986,32.88,2.5338
1.9862,32.94,2.5074
1.9987,33,3.0537
1.9846,33,3.0157
1.9966,33,2.9979
1.9966,33,3.1965
1.9751,33.06,3.1756
1.9886,33.13,2.9267
1.9979,33.19,2.8206
1.9788,33.19,3.3601
1.9769,33.19,3.4148
2.0081,33.25,2.797
1.9827,33.31,3.4474
1.9827,33.31,3.0334
1.9858,33.38,2.8512
1.9897,33.44,2.921
1.9865,33.38,2.8983
1.9958,33.38,3.0283
2.0001,33.38,2.6358
1.9809,33.38,2.7606
1.998,33.44,2.9817
1.9993,33.44,2.7938
1.9933,33.5,2.779
1.9943,33.5,3.1109
1.9762,33.5,3.06
1.9866,33.5,2.4952
2,33.5,2.7857
1.9948,33.56,3.2534
1.9692,33.56,3.0999
1.9854,33.63,2.8403
1.9732,33.63,2.968
2.013,33.69,2.931
2.0339,33.69,2.9317
1.9877,33.69,3.3346
2.0192,33.69,3.4025
2.0368,33.69,3.158
2.0246,33.63,3.4812
2.0175,33.63,3.1614
2.0148,33.63,2.862
1.9976,33.63,3.4622
2.0219,33.63,3.0949
1.9885,33.56,2.9521
2.0431,33.63,2.9538
2.0243,33.63,3.0668
2.019,33.69,2.891
2.0173,33.69,2.8212
1.9924,33.69,3.397
1.98,33.69,2.7859
2.0339,33.69,3.2924
1.9922,33.63,2.8835
2.0073,33.63,2.6998
1.9882,33.69,3.5111
2.0416,85,3.0921
1.9989,33.81,2.7332
1.9912,33.75,2.8854
1.9278,33.75,3.0371
1.8719,33.69,3.1295
1.8831,33.63,2.9623
1.8885,33.69,2.7024
1.9095,33.69,3.3803
1.907,33.69,3.0636
1.8713,33.75,2.7667
1.9076,33.81,3.2929
1.8865,33.88,3.1426
1.9052,33.88,2.9022
1.903,33.88,2.9868
1.9112,33.88,2.9988
1.8859,33.88,2.7275
1.9013,33.88,2.9828
1.8886,33.81,3.165
1.921,33.75,2.7691
1.8951,33.81,2.9039
1.8904,33.81,3.5673
1.8942,33.81,3.2774
1.914,33.88,3.0375
1.8804,33.88,2.831
1.8868,33.88,3.0751
1.8817,33.81,2.5453
1.8816,33.81,3.049
1.8871,33.75,3.2893
2.0383,33.75,2.999
2.0542,33.81,3.3507
2.0242,33.88,3.3105
1.9398,33.88,3.1612
2.0109,33.94,2.56
1.9907,33.94,2.6985
1.9815,33.94,3.399
1.9799,33.94,3.0796
1.9541,33.94,2.8729
1.9124,33.88,3.1147
1.9057,33.88,2.5844
1.8967,33.81,2.8574
2.0306,33.81,2.7885
2.027,33.88,3.3701
2.0323,33.88,2.5987
2.0072,33.88,3.0295
2.0201,33.88,3.1507
2.0006,33.88,2.9948
2.005,33.88,3.1507
2.0013,33.88,2.4729
1.99,33.81,2.9585
1.9807,33.75,2.8502
1.943,33.75,2.826
1.9175,33.75,2.9591
1.8985,33.75,2.8244
1.9047,33.75,2.9577
1.8985,33.75,3.3498
1.8873,33.75,3.043
9.397,0,0
1.9641,85,3.1175
2.0385,33.94,2.9107
2.0149,33.94,3.377
2.0088,33.94,3.3837
2.0109,33.94,3.1785
2.017,33.94,2.9211
2.0283,33.81,3.1819
2.0291,33.81,3.2244
2.0231,33.81,2.8257
2.0253,33.81,2.8079
2.0279,33.69,2.4669
2.0083,33.63,2.9335
1.9968,33.63,3.6586
1.9691,33.63,2.5596
1.9595,33.69,2.6273
1.9871,33.75,2.9238
1.9802,33.75,2.9009
1.9686,33.69,2.9263
1.9498,33.75,3.1127
1.9584,33.81,2.6271
2.0178,33.81,3.4366
2.0186,33.81,2.7999
2.01,33.75,2.8693
2.0009,33.75,2.6966
1.9817,33.75,2.9525
1.9697,33.75,2.7488
1.9492,33.75,2.9162
1.9035,33.75,2.9874
1.9037,33.81,2.743
1.9047,33.81,3.3862
1.9049,33.81,3.0351
1.9069,33.75,2.7912
1.9075,33.69,2.8143
1.8971,33.69,3.0888
1.8893,33.75,3.0139
1.8732,33.69,2.6231
1.8698,33.69,2.8419
1.8667,33.69,3.2459
1.8658,33.69,2.779
1.8572,33.69,3.3907
1.8632,33.69,3.081
1.8637,33.69,3.1334
1.8486,33.69,3.2488
1.8346,33.69,3.2719
1.8619,33.63,2.9582
1.8474,33.56,3.2092
1.8488,33.56,3.0217
1.8577,33.44,3.0578
1.8661,33.44,2.9471
1.8649,33.44,3.0804
1.8546,33.44,3.56
1.8465,33.5,3.0061
1.8357,33.44,2.8879
1.8651,33.44,3.1448
1.8603,33.5,2.8055
1.8682,33.5,2.6445
1.9218,33.5,3.3163
1.8649,33.5,2.84
1.8906,33.5,2.7721
1.8723,33.5,2.7866
1.8646,33.5,2.9592
1.8651,33.44,2.8511
1.8621,33.44,3.3301
1.8572,33.44,3.0727
1.8735,33.44,2.8482
1.8211,33.44,3.3945
1.8376,33.5,3.1492
1.8104,33.5,2.9457
1.8222,33.5,2.7504
1.8239,33.5,3.4601
1.8222,33.56,2.763
1.8287,33.63,2.8241
1.8216,33.63,2.6872
1.8242,33.69,3.0931
1.8251,33.69,2.6727
1.8319,33.69,3.0487
1.8186,33.75,2.8504
1.8206,33.75,3.2813
1.8275,33.75,2.8369
1.8205,33.81,2.8281
1.8318,33.75,2.8401
1.8331,33.75,3.36
1.8328,33.75,3.3514
1.8314,33.75,3.1754
1.8229,33.75,3.1046
1.835,33.88,2.8007
1.8393,33.81,3.0935
1.8285,33.88,3.1779
1.84,33.81,2.452
1.8308,33.75,2.9967
1.8308,33.75,3.0129
1.825,33.69,3.0695
1.8196,33.69,3.2395
1.823,33.69,3.3339
1.8185,33.63,2.9293
1.8167,33.63,2.6914
1.817,33.56,3.0992
1.8179,33.56,3.1116
1.8149,33.63,2.8273
1.8118,33.63,3.0224
1.8187,33.63,2.8998
1.8136,33.69,3.28
1.8256,33.75,2.9365
1.8265,33.75,2.9341
1.8176,33.75,3.5804
1.822,33.81,3.4008
1.8173,33.81,2.722
1.8129,33.81,3.0898
1.8225,33.75,2.9981
1.8172,33.75,2.8574
1.8139,33.75,3.0713
1.8079,33.75,3.0114
1.8003,33.75,2.807
1.798,33.75,2.9191
1.8089,33.75,3.1039
1.6279,25.25,3.239
1.7635,24.94,2.8596
1.7693,24.94,3.038
1.759,24.94,3.1079
1.7421,24.94,2.9692
1.74,25,2.7472
1.7684,25.06,3.0543
1.763,25.19,3.1494
1.7687,25.25,3.267
1.7736,25.44,2.9221
1.7756,25.56,3.3971
1.8188,25.75,3.037
1.7996,26,3.2542
1.8142,26.12,2.779
1.8245,26.44,2.9838
1.8123,26.62,2.8104
1.7982,26.81,2.8635
1.8401,26.94,2.5641
1.7957,27.19,2.9256
1.8055,27.31,2.8673
1.7909,27.5,3.2437
1.7795,27.69,3.3842
1.7886,27.87,2.8843
1.8012,28.06,3.0501
1.8154,28.25,3.2129
1.8845,28.44,3.2296
1.8094,28.62,2.7682
1.8339,28.69,3.19
1.8205,28.87,2.6233
1.7907,29,3.2095
1.79,29.12,3.3168
1.7708,29.25,3.1073
1.7796,29.31,2.9077
1.7801,29.44,3.0364
1.8177,29.56,3.1666
1.7962,29.75,3.0368
1.7953,29.81,3.0118
1.8029,29.94,2.6643
1.7536,30.06,2.7826
1.7749,30.12,3.0331
1.7791,30.19,2.7136
1.7472,30.25,3.2383
1.8781,30.31,2.9071
1.8422,30.69,3.0911
1.9038,30.5,3.3708
1.791,32.56,3.0292
1.7894,30.62,2.5138
1.8594,30.69,2.7778
1.9865,30.75,2.9155
2.0622,31.81,2.6657
1.9855,32.19,2.7224
1.9548,32,2.7571
1.8406,32,2.9706
1.8289,31.06,2.8916
1.832,31.19,3.1774
1.8367,31.31,3.2759
1.8623,31.31,2.6723
1.8247,31.37,3.1445
1.8304,31.44,2.8131
1.812,31.44,3.229
1.8236,31.44,3.068
1.8658,31.5,2.7703
1.8184,31.62,2.7375
1.8369,31.56,3.3127
1.8324,31.69,2.8514
1.8148,31.69,3.0825
1.8066,31.75,2.662
1.824,31.75,3.0083
1.8218,31.81,3.0132
1.8088,31.81,3.1199
1.8109,31.87,3.4369
1.8623,31.87,2.4825
1.8445,31.94,3.2316
1.8192,31.94,2.843
1.8174,31.94,3.1613
1.807,31.94,3.2311
1.8422,31.94,2.6345
1.8257,32,2.6909
1.8343,32.06,2.8491
1.8744,32.06,3.1355
1.8254,32.13,3.2877
1.8457,32.06,2.9613
1.8058,32.19,3.1711
1.8078,32.06,3.1434
1.8199,32.13,2.5194
1.8553,32.13,3.3152
1.823,32.19,2.9375
1.8022,32.19,2.7007
1.8126,32.19,2.7318
1.8081,32.19,3.0819
1.8147,32.25,3.0922
1.8246,32.25,3.1495
1.857,32.31,2.9262
1.8645,32.38,2.914
1.8382,32.31,2.903
1.8376,32.38,2.6084
1.821,32.38,3.1183
1.829,32.38,3.114
1.8207,32.38,2.807
1.8779,32.44,3.1147
1.8811,32.44,3.1477
1.8824,32.5,2.8112
1.8515,32.5,3.0519
1.8405,32.5,2.9333
1.6288,32.56,3.0887
1.4612,32.75,2.8898
1.5027,32.75,2.9786
1.512,32.75,2.9221
1.5194,32.81,3.014
1.5196,32.88,3.0692
1.5308,32.94,3.2069
1.5336,32.94,2.5946
1.5389,33,2.9749
1.5363,33,3.2015
1.5463,33,3.0642
1.546,33.06,3.1935
1.5398,33.06,3.2254
1.5512,33.06,3.1512
1.5553,33.06,3.1793
1.5488,33.13,3.1988
1.5513,33.13,2.7176
1.5523,33.13,2.7621
1.5444,33.19,2.8445
1.5386,33.19,2.4379
1.5559,33.19,3.0558
1.5366,33.19,3.269
1.5409,33.25,3.0223
1.5482,33.25,3.0002
1.5489,33.19,2.7951
1.5495,33.19,2.7414
1.5503,33.19,3.0943
1.5612,33.19,3.0351
1.5634,33.19,3.1592
1.5654,33.19,3.1228
1.56,33.25,2.7946
1.5603,33.25,3.0608
1.5492,33.38,2.7801
1.5595,33.25,2.6989
1.5534,33.25,3.1882
1.5394,33.31,3.2865
1.5448,33.38,2.8397
1.5285,33.31,3.3946
1.5413,33.31,3.3102
1.5278,33.38,3.0885
1.5308,33.38,3.0755
1.5235,33.38,2.639
1.5233,33.38,3.0663
1.5003,33.44,2.9841
1.5204,33.56,3.0152
1.5367,33.38,3.1074
1.5293,33.38,2.894
1.5445,33.44,3.1849
1.5222,33.44,3.0786
1.537,33.44,3.0086
1.5276,33.44,3.0031
1.5306,33.38,2.6361
1.5315,33.38,2.7127
1.5254,33.38,2.9271
1.5334,33.44,3.0069
1.5265,33.44,2.764
1.5264,33.44,3.0679
1.5162,33.44,3.0004
1.5289,33.5,3.0106
1.5228,33.56,2.924
1.5262,33.5,2.6121
1.5283,33.44,3.067
1.5272,33.44,3.0629
1.5268,33.44,2.8992
1.5641,33.44,3.023
1.5784,33.44,3.1511
1.5497,33.38,3.1717
1.5409,33.44,2.7275
1.54,33.5,3.1095
1.5353,33.56,2.864
1.5585,33.44,3.2376
1.5424,33.44,2.9324
1.5428,33.44,2.7433
1.5482,33.44,3.1674
1.5451,33.44,2.85
1.5479,33.44,2.707
1.5446,33.5,3.0517
1.5547,33.5,3.1141
1.5312,33.56,2.8594
1.5332,33.56,3.0963
1.5307,33.56,3.163
1.5277,33.69,3.1278
1.5449,33.63,3.2742
1.5244,33.63,3.0604
1.5277,33.63,3.1907
1.5221,33.56,3.009
1.5262,33.63,3.1092
1.5267,33.75,3.2219
1.5252,33.63,2.8155
1.528,33.63,2.8746
1.5259,33.63,2.802
1.5213,33.63,2.9704
1.5368,33.63,3.1935
1.5383,33.63,3.0809
1.5281,33.63,2.8937
1.523,33.63,2.9472
1.5316,33.63,3.1219
1.5271,33.69,3.3057
1.5275,33.69,3.1508
1.5197,33.63,2.7064
1.5256,33.63,2.7282
1.5188,33.69,3.1321
1.514,33.69,2.6555
1.5241,33.63,2.5365
1.5125,33.69,2.7882
1.5117,33.63,2.6319
1.5164,33.75,3.0216
1.5375,33.63,2.9593
1.517,33.63,3.0681
1.5278,33.56,3.2615
1.5298,33.56,2.9447
1.5329,33.63,3.4254
1.5343,33.63,3.0913
1.524,33.63,2.8119
1.5209,33.69,2.7381
1.5148,33.63,2.7964
1.5215,33.63,2.7858
1.5199,33.63,2.9031
1.5201,33.63,2.9295
1.5305,33.63,2.9306
1.5356,33.63,3.26
1.5257,33.63,3.3245
1.5263,33.63,3.2007
1.5381,33.56,2.6166
1.5281,33.63,3.3292
1.5259,33.63,2.9934
1.5321,33.63,2.8028
1.5315,33.63,2.9025
1.5343,33.69,2.6508
1.5268,33.69,3.1581
1.5664,33.69,2.9607
1.5531,33.56,2.9971
1.5465,33.63,3.036
1.5541,33.56,3.0842
1.5487,33.56,3.0835
1.5908,33.63,2.9963
1.5518,33.5,2.7817
1.5611,33.63,2.9774
1.5716,33.63,2.9074
1.5668,33.56,3.1569
1.5734,33.56,3.0936
1.5892,33.56,2.7436
1.5807,33.56,3.2284
1.5751,33.56,2.9827
1.5886,33.56,2.9386
1.5914,33.56,3.3627
1.5922,33.56,2.9172
1.5808,33.63,2.8853
1.5725,33.56,2.9006
1.5521,33.63,2.9887
1.5518,33.63,3.1318
1.5531,33.63,2.7235
1.5479,33.63,3.0022
1.5432,33.63,2.8741
1.5544,33.75,3.1263
1.5762,33.69,3.3522
1.5575,33.63,2.7865
1.5729,33.69,3.2238
1.583,33.69,2.7953
1.5839,33.63,2.688
1.5756,33.69,2.6632
1.5394,33.69,3.2054
1.5725,33.81,2.8023
1.5546,33.69,3.1186
1.5763,33.69,3.0746
1.5647,33.69,2.9697
1.5597,33.69,3.1043
1.5654,33.75,2.8972
1.5662,33.75,3.1094
1.57,33.75,2.96
1.5702,33.75,2.918
1.5777,33.75,2.8378
1.5759,33.75,3.1202
1.5716,33.75,2.8352
1.5609,33.81,3.1109
1.5636,33.81,2.9988
1.5537,33.75,3.2194
1.554,33.81,3.0203
1.5668,33.88,3.009
1.5491,33.81,2.8024
1.5613,33.81,3.2193
1.581,33.81,3.0982
1.5862,33.81,2.7602
1.5992,33.81,2.7483
1.595,33.81,3.1833
1.5916,33.81,3.0818
1.5709,33.81,3.0489
1.5787,33.81,3.0854
1.5733,33.81,2.9828
1.5801,33.81,3.0239
1.5828,33.81,2.8145
1.569,33.81,2.9261
1.6032,33.81,2.9973
1.6067,33.81,3.201
1.6024,33.81,2.9187
1.6116,33.81,2.9478
1.6041,33.81,3.0693
1.5987,33.81,2.9432
1.5927,33.88,2.9485
1.5929,33.88,2.7548
1.5805,33.88,3.4834
1.5882,33.88,3.0858
1.5888,33.88,2.9433
1.5789,33.88,3.2119
1.5661,33.88,3.2679
1.5962,33.88,3.3855
1.5981,33.88,3.3129
1.6018,33.88,3.1176
1.6047,33.88,3.0293
1.5944,33.88,2.8704
1.6007,33.88,2.9174
1.6036,33.88,3.1536
1.5983,33.88,3.2761
1.6021,33.88,3.1397
1.5989,33.81,2.8143
1.6004,33.88,2.8976
1.5928,33.88,2.8964
1.5938,33.88,2.8977
1.5862,33.88,3.1887
1.588,33.88,2.7576
1.5866,33.94,2.9677
1.5915,33.88,2.8659
2.0814,27.25,3.1905
2.0089,27,3.4384
1.9413,26.94,2.636
2.0403,27,3.2067
1.9854,27.06,2.5659
2.0633,27.12,3.4362
1.9367,27.25,2.6054
1.9914,27.37,2.5481
2.0792,27.56,2.9131
2.0391,27.75,2.6809
1.9323,27.94,2.8427
2.1245,28.19,2.4658
2.1162,28.37,3.5807
2.1061,28.56,2.7695
2.12,28.81,3.0387
2.066,29.06,2.4927
2.1274,29.31,2.7651
2.153,29.56,2.7697
2.1369,29.75,3.3248
2.1499,29.94,2.814
2.1362,30.19,3.2924
2.1299,30.37,2.4333
2.1311,30.56,3.3079
2.1233,30.81,2.402
2.1768,31,2.8682
2.1346,31.19,3.6637
2.1808,31.37,3.1106
2.1988,31.56,3.8788
2.1953,31.75,2.6343
2.1855,31.94,2.6123
2.1963,32.13,3.3172
2.1924,32.25,3.7019
2.1793,32.38,3.3656
2.1684,32.5,2.8094
2.1738,32.63,2.639
2.1793,32.75,2.4047
2.2356,32.88,2.8915
2.2352,33,2.47
2.2362,33.19,2.52
2.221,33.31,3.5375
2.1088,33.44,3.2464
2.1454,33.56,3.6229
2.1869,33.69,3.0877
2.2114,33.81,3.0981
2.1892,33.88,3.7555
2.1748,33.94,2.5093
2.193,34,3.459
2.1905,34.13,2.7787
2.1766,34.25,2.6198
2.2171,34.38,2.9972
2.2338,34.5,3.4972
2.2377,34.56,2.7974
2.2277,34.63,2.8208
2.2469,34.69,2.2957
2.2243,34.69,2.7005
2.2234,34.75,3.4866
2.2343,34.75,3.2726
2.2202,34.81,3.0809
2.2227,34.88,2.7625
2.1947,34.88,2.8694
2.1998,34.94,2.818
2.1439,35,3.5142
2.1909,35,3.5044
2.1979,35.06,2.8047
2.2275,35.13,3.2381
2.2222,35.25,2.682
2.2141,35.31,3.1044
2.2194,35.31,3.128
2.1962,35.38,2.3142
2.0991,35.38,3.7003
2.1498,35.44,2.4586
2.1966,35.44,2.7124
2.2014,35.5,2.6273
2.2097,35.56,3.2145
2.1983,35.56,2.8212
2.1536,35.63,3.2765
2.1983,35.69,3.1568
2.1857,35.69,2.6082
2.1828,35.69,2.8656
2.1495,35.75,3.0066
2.2289,35.75,2.6588
2.231,35.75,2.6792
2.2264,35.75,3.0266
2.2256,35.81,3.7139
2.2184,35.88,3.2743
2.226,35.88,3.2051
2.2352,35.81,2.8002
2.2277,35.81,3.3275
2.2261,35.81,2.8537
2.2245,35.88,3.0042
2.2309,35.88,2.4971
2.2235,35.94,3.067
2.2302,35.94,2.9516
2.2281,35.94,2.6918
2.2291,35.94,3.5511
2.2289,35.94,3.0258
2.2388,36,3.0628
2.2443,36,2.9413
2.2388,36,2.9385
2.2434,36.06,2.8287
2.2635,36.06,3.0899
2.2374,36.13,3.3221
2.2326,36.13,3.3743
2.2355,36.13,2.7647
2.2266,36.13,2.7769
2.2275,36.19,3.3645
2.2137,36.19,2.9042
2.2147,36.19,3.2302
2.1699,36.19,3.201
2.1945,36.25,2.9138
2.0697,36.25,3.3207
2.2287,36.25,3.3729
2.1261,36.31,3.4224
2.2676,36.44,2.5824
2.2588,36.5,2.6693
2.2381,36.5,2.3375
2.2022,36.5,3.77
2.2342,36.56,2.9915
2.189,36.56,3.4292
2.2544,36.56,2.4072
2.1904,36.56,2.5727
2.2238,36.63,2.9805
2.2576,36.63,3.0331
2.2683,36.69,2.1074
2.2681,36.69,3.5074
2.2628,36.69,3.3957
2.2618,36.69,2.7001
2.2627,36.69,3.5151
2.2632,36.69,2.9573
2.2702,36.69,2.9257
2.2628,36.75,2.8861
2.2548,36.75,3.4008
2.2561,36.75,3.0983
2.2522,36.75,3.2462
2.2525,36.81,3.1327
2.2549,36.81,3.414
2.2486,36.88,3.2504
2.2311,36.88,2.8103
2.1782,36.94,2.8678
2.2209,37.06,2.7547
2.2028,37.06,2.7846
2.0933,37.06,2.7462
2.2371,37.06,3.2653
2.2266,37.06,3.5095
2.2486,37.06,3.3427
2.2464,37.06,2.6991
2.2291,37.06,3.3414
2.233,37.06,3.1246
2.2441,37.13,3.2932
2.2434,37.13,2.8844
2.2417,37.13,3.0398
2.2378,37.19,2.6024
2.2261,37.19,3.3095
2.2223,37.13,3.2048
2.2326,37.19,2.6162
2.2165,37.13,3.3286
2.2108,37.13,2.9182
2.2159,37.13,2.3973
2.2058,37.13,2.8108
3.0139,28.5,2.9854
2.9974,28.5,3.0406
2.8438,28.44,3.1018
2.8781,28.44,3.183
2.8954,28.5,2.7132
2.9731,28.56,3.0455
2.987,28.62,3.115
3.0083,28.75,3.1293
3.0019,28.87,3.1424
2.9957,28.94,3.2326
2.9926,29.12,3.1205
3.0064,29.25,0.625
2.9802,29.44,3.1504
3.0012,29.62,3.0738
2.9947,29.75,2.8798
2.9995,29.94,2.9006
3.0048,30.19,3.2593
2.9956,30.31,3.1511
2.9953,30.56,3.067
3.0032,30.75,3.124
3.0062,30.94,3.1575
2.9898,31.06,2.6459
2.9922,31.25,2.8394
3.0019,31.37,0.573
2.9933,31.56,3.2167
2.9995,31.62,3.0361
3.0112,31.75,2.9804
3.0055,31.87,3.2559
2.9946,31.94,2.8293
3.0035,32.06,2.9746
3.0059,32.19,3.0369
3.0095,32.25,2.6976
3.0046,32.31,2.8787
3.0058,32.44,3.1789
2.9971,32.56,3.3966
3.0108,32.63,3.3202
2.9925,32.75,2.9339
2.9964,32.81,2.6943
2.993,32.88,2.8442
3.0007,32.94,2.6544
2.9987,33.06,2.7991
2.2892,28.31,0
2.2475,28.31,2.9401
2.2413,28.31,3.1502
2.2383,28.31,3.0434
2.2444,28.37,2.9283
2.2459,28.44,2.9727
2.2358,28.56,3.3042
2.2611,28.69,2.8127
2.2626,28.81,3.2475
2.2597,28.94,3.409
2.2725,29.12,3.1835
2.2678,29.31,3.2238
2.264,29.44,3.0829
2.2525,29.62,2.9526
2.2553,29.81,3.2132
2.2593,30,3.1971
2.2634,30.19,2.884
2.2517,30.31,3.1465
2.2774,30.5,3.0768
2.2861,30.69,3.0096
2.2677,30.81,3.3871
2.2502,31,3.2447
2.2609,31.19,2.8032
2.2713,31.37,2.3989
2.2771,31.5,2.8306
2.2658,31.75,2.623
2.2632,31.87,3.4922
2.2827,32.06,2.9561
2.2796,32.19,2.9024
2.2702,32.25,3.1886
2.2749,32.44,2.9544
2.2805,32.56,3.2256
2.2765,32.63,3.3512
2.2803,32.75,2.5098
2.2742,32.81,2.9987
2.2744,32.94,3.4284
2.2795,33.06,2.8753
2.2695,33.25,3.0201
2.2723,33.31,3.037
2.257,33.44,3.22
2.2814,33.5,3.1345
2.276,33.63,3.1447
2.2491,33.69,3.0473
2.274,33.75,2.719
2.2805,33.81,2.8975
2.2794,33.81,3.1674
2.2974,33.94,3.1128
2.2967,34,3.1857
2.2998,34.13,2.7924
2.2826,34.19,2.9541
2.2727,34.31,3.1078
2.2679,34.31,2.9116
2.2655,34.44,2.9009
2.2751,34.5,3.0337
2.2599,34.56,2.403
2.2629,34.69,3.2628
2.282,34.69,3.3223
2.2773,34.81,3.189
2.2817,34.88,3.0387
2.2869,34.94,3.0262
2.2773,35,2.8171
2.2698,35,3.226
2.2716,35.06,2.807
2.2629,35.06,2.7288
2.2674,35.06,2.8839
2.2772,35.06,2.8473
2.2598,35.06,2.8153
2.2539,35.13,2.9473
2.2557,35.13,2.9479
2.2415,35.13,2.8301
2.2565,35.19,2.856
2.2534,35.25,3.001
2.2675,35.31,2.9187
2.2653,35.38,2.9119
2.2577,35.44,3.2102
2.2538,35.44,2.9141
2.2639,35.5,3.3135
2.2471,35.5,3.1223
2.2568,35.56,2.9155
2.2594,35.63,2.9993
2.2709,35.69,2.7927
2.2527,35.69,2.7548
2.2642,35.63,3.1323
2.2536,35.63,3.0179
2.2564,35.63,3.0921
2.2433,35.69,2.6706
2.2488,35.69,3.1847
2.2403,35.69,2.5399
2.237,35.75,2.8552
2.2349,35.75,2.7598
2.2466,35.75,2.6674
2.2254,35.81,2.9811
2.2395,35.81,3.017
2.2464,35.81,3.3078
2.2422,35.81,3.1546
2.2498,35.81,3.0814
2.2428,35.81,3.0691
2.2316,35.81,2.9695
2.2454,35.81,2.9892
2.2367,35.81,2.8837
2.2353,35.81,2.6812
2.2325,35.75,3.0313
2.2258,35.75,2.6109
2.2455,35.75,3.0256
2.2336,35.69,3.2679
2.2338,35.69,3.1962
2.2153,35.75,2.7702
2.2293,35.75,3.0893
2.2374,35.88,3.1515
2.2245,35.88,2.262
2.2357,35.88,2.8783
2.2357,35.81,2.9622
2.2388,35.75,3.1243
2.2354,35.81,2.9203
2.2461,35.88,2.8117
2.2405,35.94,3.2859
2.2445,35.94,3.3686
2.2394,36,2.8082
2.232,35.94,2.8519
2.2372,35.94,3.3216
2.2358,35.94,2.7369
2.233,36,3.3675
2.2208,36.06,2.3364
2.2405,36.13,2.9376
2.2351,36.13,3.1292
2.2362,36.19,2.7712
2.2237,36.25,3.3289
2.2264,36.25,3.0279
2.2276,36.31,3.0271
2.2301,36.25,3.0048
2.232,36.25,3.14
2.2378,36.25,2.367
2.2346,36.25,3.0276
2.2288,36.31,3.4679
2.2437,36.31,3.0882
2.2281,36.31,3.1675
2.2341,36.31,3.1331
2.2335,36.31,3.5027
2.227,36.38,2.8446
2.232,36.38,2.9672
2.2314,36.38,2.7772
2.2438,36.38,3.117
2.2254,36.44,2.9631
2.2311,36.44,2.5192
2.2295,36.44,2.5945
2.2413,36.56,3.1144
2.2508,36.63,2.9792
2.2412,36.56,3.0481
2.2109,36.56,2.6546
2.2264,36.5,3.1664
2.2294,36.56,2.7483
2.2272,36.56,3.3273
2.2383,36.5,2.3499
2.237,36.5,3.2888
2.2355,36.5,3.2047
2.2385,36.5,3.0979
2.2477,36.56,2.7261
2.2391,36.56,2.8248
2.223,36.5,3.0129
2.2391,36.44,2.7325
2.2331,36.44,2.5639
2.2701,36.44,2.567
2.2432,36.44,2.8984
2.2559,36.44,2.5154
2.2265,36.38,2.9109
2.2458,36.44,2.8521
2.248,36.38,3.3211
2.2182,36.44,2.7294
2.2285,36.44,2.8483
2.2218,36.44,3.1992
2.2219,36.5,2.9397
2.2333,36.5,3.0674
2.2221,36.5,3.122
2.2235,36.56,2.774
2.2154,36.56,2.9536
2.2223,36.56,2.9992
2.2136,36.56,2.6668
2.2319,36.5,3.0755
2.2383,36.44,2.9725
2.2191,36.44,2.6201
2.2313,36.44,2.7949
2.2359,36.44,3.4216
2.2377,36.38,2.7059
2.2374,36.38,2.7811
2.2526,36.38,3.1406
2.2457,36.44,2.589
2.2383,36.44,2.9575
2.2338,36.5,3.0022
2.2287,36.56,2.5884
2.2437,36.56,2.6821
2.2293,36.56,3.0874
2.223,36.63,2.7652
2.2312,36.63,2.3853
2.2324,36.63,2.7313
2.2233,36.63,3.1458
2.2205,36.56,2.7181
2.2247,36.56,2.7562
2.2408,36.5,2.8624
2.2448,36.5,2.395
2.2429,36.5,3.1832
2.2391,36.5,2.5722
2.2376,36.5,0.0999
2.2396,36.5,2.9849
2.2551,36.56,2.5005
2.25,36.5,2.8564
2.269,36.5,2.868
2.2666,36.56,2.541
2.2811,36.56,2.6435
2.2396,36.56,2.5767
2.2524,36.63,3.0135
2.2484,36.63,3.336
2.2447,36.63,3.293
2.2353,36.63,2.6718
2.2311,36.69,2.9298
2.2182,36.69,2.9242
2.2649,36.56,2.6224
2.2291,36.56,2.7978
2.2163,36.5,3.1508
2.2439,36.5,2.9132
2.2389,36.5,2.574
2.2502,36.5,2.6592
2.2281,36.56,3.0592
2.2403,36.5,2.7317
2.2305,36.5,2.6706
2.2322,36.5,2.9318
2.2381,36.5,2.8283
2.2411,36.5,2.686
2.2444,36.56,2.9388
2.2535,36.56,3.0507
2.2489,36.56,2.7399
2.2573,36.56,3.2727
2.2421,36.63,2.7966
2.2461,36.63,3.2657
2.2468,36.63,2.534
2.2625,36.63,3.3459
2.2404,36.63,2.937
2.243,36.56,2.8387
2.2643,36.56,3.0169
2.246,36.56,2.7575
2.2471,36.56,2.8521
2.2694,36.56,2.8535
2.2456,36.56,3.0499
2.2299,36.56,2.7619
2.2319,36.56,3.1906
2.2633,36.56,2.9491
2.2525,36.63,3.2099
2.2525,36.63,2.6894
2.233,36.63,2.9854
2.2427,36.56,3.2173
2.2472,36.56,3.3321
2.2364,36.56,3.0836
2.2433,36.56,3.0401
2.249,36.56,3.1362
2.244,36.56,3.2287
2.2381,36.63,2.7809
2.24,36.63,2.8138
2.2304,36.56,2.7442
2.2313,36.63,3.0206
2.2358,36.63,3.2567
2.2311,36.69,3.1384
2.2343,36.69,2.7614
2.2164,36.69,2.7761
2.2286,36.69,2.7361
2.2317,36.69,2.5195
2.2387,36.75,3.2978
2.2186,36.75,2.7416
2.2202,36.75,3.1039
2.2329,36.81,2.9638
2.2343,36.81,2.7103
2.2288,36.88,3.0023
2.2363,36.94,2.8917
2.2202,36.88,2.7849
2.2123,36.88,2.6987
2.2277,36.81,2.8467
2.228,36.88,3.1022
2.2303,36.81,3.1383
2.2128,36.81,2.7178
2.2285,36.81,3.1734
2.217,36.81,3.1267
2.2267,36.75,2.7911
2.2266,36.81,3.2563
2.2224,36.81,2.9597
2.2353,36.88,3.3862
2.2351,36.88,3.2892
2.2285,36.81,3.4191
2.2414,36.81,3.0798
2.242,36.81,2.7428
2.2236,36.81,2.8747
2.2319,36.81,2.9056
2.2265,36.81,3.1377
2.2381,36.81,3.099
2.2362,36.81,2.9752
2.2335,36.69,2.7839
2.2305,36.75,2.5674
2.2373,36.75,3.2659
2.2779,36.81,2.9842
2.2582,36.81,2.4526
2.2393,36.81,3.1602
2.2611,36.81,2.8074
2.247,36.81,2.1411
2.2569,36.81,2.5042
2.2545,36.81,3.5392
2.258,36.81,3.4139
2.2609,36.81,2.746
2.2664,36.88,2.951
2.2773,36.88,3.2513
2.2767,36.81,2.7582
2.2747,36.88,3.0338
2.2771,36.88,2.0998
2.2957,36.81,2.4573
2.2807,36.88,3.0572
2.2969,36.88,2.8619
2.2945,36.81,3.0858
2.2949,36.88,2.905
2.296,36.88,2.9259
2.2855,36.88,3.3772
2.3011,36.88,3.0254
2.2943,36.88,2.7757
2.281,36.88,2.8929
2.2847,36.81,3.2334
2.2967,36.75,3.1173
2.3092,36.75,2.7213
2.2993,36.75,3.1419
2.3025,36.75,2.9165
2.3095,36.75,2.3864
2.3078,36.81,3.1266
2.3052,36.75,2.4998
2.314,36.75,3.0627
2.3181,36.75,2.8773
2.3077,36.81,3.1205
2.3107,36.81,2.5308
2.305,36.81,3.18
2.3199,36.81,2.9788
2.2994,36.75,2.9429
2.3149,36.75,3.4624
2.3056,36.81,2.8721
2.315,36.88,2.9532
2.3174,36.88,2.2081
2.3065,36.94,3.1656
2.3147,36.94,2.5686
2.3136,36.94,2.9725
2.3166,36.88,2.8839
2.3113,36.88,2.7277
2.3148,36.88,3.0255
2.4933,29.75,3.2127
2.4859,29.87,3.1676
2.5003,30,3.2198
2.4835,30.19,0.0393
2.4978,30.31,0
2.5011,30.44,3.466
2.5105,30.56,2.8119
2.4951,30.69,3.1429
2.5004,30.75,3.6983
2.4949,30.87,2.8446
2.5133,31,0.3752
2.5083,31.06,6.6304
2.4836,31.12,3.1633
2.5044,31.19,3.1089
2.4973,31.25,3.0728
2.4971,31.31,3.3184
2.4854,31.37,2.805
2.5093,31.44,3.2301
2.493,31.62,3.0969
2.5002,31.69,3.105
2.4897,31.81,2.8354
2.5009,31.87,0.7606
2.4983,31.87,2.6168
2.4926,32,6.8887
2.4797,32.06,2.9471
2.4817,32.06,0.4375
2.4841,32.13,2.8934
2.4911,32.13,3.0445
2.4772,32.25,2.9782
2.4867,32.25,3.011
2.4781,32.31,2.9161
2.4683,32.56,4.3493
2.4685,32.88,3.1581
2.4673,32.94,3.6227
2.4739,32.94,2.178
2.4626,32.94,0.0451
2.4567,33,2.8417
2.4687,32.94,2.6124
2.4685,33,2.7622
2.4708,33.06,3.6454
2.4601,33,3.0676
2.4775,33,3.399
2.4869,33,2.5573
2.4691,33,3.1522
2.4803,33,2.592
2.4797,32.94,2.8102
2.469,32.94,0.9846
2.4679,32.94,3.0581
2.4808,32.88,2.4366
2.4851,32.94,2.966
2.442,32.94,0.4995
2.4518,32.94,3.0216
2.4521,33,3.3144
2.4667,33,3.5522
2.4594,33,2.7745
2.4508,33.06,2.6444
2.4432,33.25,2.4491
2.4471,33.25,2.8196
2.4373,33.25,2.6048
2.4274,33.31,3.3216
2.4412,33.31,2.841
2.4315,33.31,0.2847
2.4505,33.38,3.1427
2.428,33.44,3.5544
2.4254,33.5,3.2546
2.4361,33.5,3.2319
2.4365,33.44,2.806
2.4128,33.44,2.5356
2.4319,33.38,3.048
2.429,33.31,2.7834
2.4189,33.25,3.919
2.4529,33.31,4.3319
2.429,33.25,4.0847
2.4255,33.25,3.9457
2.4263,33.13,3.5778
2.5819,32.44,0
2.402,32.38,2.7142
2.4149,32.25,2.9992
2.4192,32.06,0.8752
2.3991,32,3.0114
2.4102,31.87,2.9232
2.416,31.75,3.0878
2.407,31.69,2.8617
2.416,31.62,3.0568
2.4097,31.69,2.975
2.4331,31.62,2.9931
2.4136,32.63,2.8062
2.4097,32.69,3.0064
2.4126,32.75,3.0884
2.4088,32.75,2.9705
2.4218,32.75,2.8488
2.4023,32.75,2.8459
2.3851,32.81,2.9246
2.4053,32.88,2.9552
2.3979,32.88,3.0124
2.4277,32.88,0.8479
2.43,32.88,2.9371
2.43,32.88,2.8528
2.3982,32.88,2.7953
2.3962,32.94,2.823
2.421,33,2.8592
2.4275,33.06,2.8532
2.4118,33.19,0.4998
2.4167,33.25,2.7387
2.4208,33.25,2.7419
2.4238,33.25,7.0188
2.4289,33.31,3.0924
2.4617,33.31,0.4998
2.4239,33.38,2.9519
2.4067,33.38,2.9055
2.4004,33.38,3.0978
2.4024,33.38,2.864
2.411,33.44,2.9382
2.4218,33.5,0.7834
2.4177,33.5,2.8461
2.4269,33.5,0.8596
2.4365,33.5,3.0645
2.4253,33.44,3.001
2.4285,33.44,2.8544
2.4134,33.44,3.1115
2.4198,33.44,1.0006
2.4067,33.44,2.8607
2.398,33.44,2.8336
2.437,33.81,2.9348
2.4211,33.81,3.0848
2.4004,33.88,2.8911
2.4361,33.81,3.0923
2.4104,33.75,2.8692
2.4217,33.69,0.6247
2.4077,33.69,2.9342
2.4112,33.63,2.8611
0.1161,31.75,2.9426
2.4651,31.69,2.8766
2.404,31.62,2.9245
2.3939,31.5,3.236
2.4085,31.37,0.7825
2.4085,31.25,2.9211
2.4199,31.19,3.021
2.4066,31.19,3.1048
2.3809,31.12,2.8321
2.4281,31.12,3.0354
2.4002,31.12,2.994
2.4132,31.19,2.939
2.4072,31.25,3.1704
2.4098,31.25,2.786
2.4037,31.37,3.1935
2.4021,31.44,3.0147
2.4556,31.5,3.1977
2.4086,31.56,3.0779
2.4239,31.62,3.0193
2.417,31.69,2.8604
2.4089,31.75,2.9284
2.4263,31.81,3.0591
2.4142,31.87,2.8081
2.4038,32,2.9318
2.4001,32.06,2.8235
2.4085,32.19,3.0014
2.4388,32.31,2.8708
2.402,32.44,0.6252
2.4037,32.5,2.8479
2.4056,32.56,3.0618
2.3985,32.63,3.0846
2.3988,32.69,3.0882
2.3957,32.75,2.9209
2.4143,32.81,3.043
2.3813,32.88,3.1287
2.4173,32.94,2.814
2.4015,33,2.8616
2.3982,33.06,3.0166
2.404,33.13,3.1156
2.3935,33.19,2.9985
2.3977,33.19,3.0919
2.3799,33.31,0.2796
2.3953,33.38,2.9588
2.3994,33.38,3.147
2.3865,33.44,3.0005
2.391,33.44,3.0196
2.3907,33.44,2.8483
2.4024,33.5,2.9411
2.3853,33.5,2.9821
2.3882,33.56,2.9523
2.3665,33.56,3.0187
2.3862,33.63,2.9802
2.3849,33.63,3.0597
2.3894,33.69,2.993
2.3976,33.69,3.0096
2.3838,33.69,2.8788
2.4005,33.63,2.8749
2.3906,33.63,0.8289
2.3946,33.63,3.1937
2.3885,33.63,2.7747
2.3984,33.69,2.8067
2.3845,33.63,2.9614
2.3919,33.63,2.9961
2.4103,33.63,2.7046
2.3981,33.56,2.8462
2.3944,33.63,0.9996
2.3869,33.56,2.9397
2.3918,33.56,2.7471
2.3952,33.63,3.0805
2.3785,33.63,2.7741
2.3664,33.63,2.8552
2.3779,33.69,3.0593
2.3734,33.75,2.9956
2.3622,33.81,3.0813
2.3661,33.81,2.7291
2.3875,33.81,3.1781
2.3749,33.88,3.0179
2.3847,33.88,2.7256
2.3821,33.88,2.9874
2.3881,33.94,2.9269
2.3762,33.94,2.7919
2.3732,33.94,2.8981
2.3618,33.94,3.0565
2.3857,33.88,3.0173
2.3845,33.94,3.0455
2.3686,33.94,2.7059
2.3823,33.94,2.9414
2.3849,34,2.8815
2.3942,34,2.7588
2.383,34,2.8444
2.3864,34,2.947
2.3826,34.06,2.9782
2.3773,34,2.6822
2.3825,34.06,2.6364
2.3762,34.06,0.9998
2.3737,34.06,2.7913
2.3942,34.13,2.8161
2.3752,34.13,2.9181
2.3689,34.13,2.9517
2.3795,34.13,2.8324
2.3639,34.06,3.176
2.378,34.06,0.4855
2.3937,34.06,3.1341
2.3959,34.13,2.8636
2.3872,34.25,3.0667
2.3699,34.25,2.5514
2.3806,34.19,2.9515
2.3919,34.19,2.9336
2.402,34.19,3.1688
2.3843,34.19,2.7524
2.3877,34.13,2.9422
2.3748,34.13,0.9996
2.3839,34.06,0.373
2.3801,34.06,3.1159
2.3705,34.13,3.0815
2.3695,34.06,2.9271
2.3637,34.06,2.9579
2.3625,34.06,2.8549
2.3655,34.13,2.7447
2.3466,34.13,2.8403
2.3591,34.13,2.8555
2.368,34.13,2.8618
2.3571,34.13,2.8524
2.3721,34.13,2.8234
2.3642,34.13,2.7711
2.3776,34.06,2.9602
2.3654,34,3.0359
2.376,34,3.1172
2.3893,34.25,2.876
2.3902,34.25,2.9947
2.3655,34.25,2.9201
2.3849,34.31,2.7969
2.3966,34.31,3.0021
2.3723,34.38,2.9216
2.324,29.25,3.0573
2.334,29.19,3.1939
2.3346,29.12,2.6611
2.3176,29.12,2.8844
2.3303,29.12,2.6064
2.3279,29.06,3.3217
2.3215,29.12,2.9408
2.3256,29.19,0.7498
2.3296,29.37,2.9151
2.342,29.44,3.1698
2.3275,29.56,2.8481
2.3453,29.69,2.9556
2.3335,29.87,2.8375
2.3339,30,2.9873
2.3444,30.12,2.6988
2.3334,30.25,2.7485
2.3377,30.37,3.2125
2.3345,30.56,2.9495
2.325,30.69,3.1078
2.3151,30.81,2.7145
2.3299,30.94,2.9561
2.343,31.06,2.9914
2.3465,31.12,3.1914
2.3624,31.31,3.0041
2.3076,31.31,2.9335
2.3313,31.5,2.9427
2.3515,31.62,2.9537
2.368,33,2.828
2.3463,33.06,2.8094
2.3474,33.13,2.9851
2.3424,33.19,2.7606
2.357,33.25,2.9599
2.3693,33.31,3.0149
2.3355,33.38,2.9041
2.3649,33.44,2.7794
2.346,33.44,3.0777
2.3442,33.5,3.0423
2.3405,33.5,3.2704
2.3695,33.56,2.8618
2.3682,33.56,3.2624
2.3344,33.56,0.1019
2.3132,33.56,3.061
2.3347,33.56,2.7696
2.3399,33.56,0.8088
2.3511,33.56,2.8503
2.3489,33.63,2.9471
2.3446,33.63,2.9958
2.3275,33.69,2.956
2.3534,33.69,3.0034
2.3424,33.69,2.8549
2.3359,33.75,2.9751
2.34,33.75,2.8847
2.3569,33.75,2.8673
2.3352,33.81,2.9079
2.3481,33.81,2.9987
2.3436,33.81,2.8758
2.3322,33.88,2.9499
2.324,33.88,2.8962
2.3378,33.88,2.8482
2.3329,33.88,3.0363
2.3574,33.88,2.7749
2.3502,33.94,3.0655
2.3372,33.94,3.0349
2.3193,33.94,2.8472
2.3398,33.94,2.6641
2.3322,33.94,3.0192
2.3252,34,2.9229
2.343,33.94,2.6696
2.3388,33.94,3.0908
2.3081,34,3.051
2.3432,34,2.9922
2.3438,34.06,2.7997
2.321,34.06,2.8753
2.3656,34.13,3.0404
2.3355,34.06,3.0749
2.3431,34.06,3.0346
2.3808,34.06,2.8356
2.3448,34.06,3.0416
2.3597,34.06,3.066
2.3375,34.06,3.0421
2.3326,34.06,0.1199
2.3391,34.13,2.7262
2.349,34.13,2.915
2.3446,34.13,0.3459
2.3525,34.13,0.3458
2.3444,34.13,2.9341
2.3526,34.13,2.9254
2.3602,34.13,3.2216
2.3453,34.19,3.0304
2.3528,34.19,3.046
2.3455,34.19,2.8364
2.335,34.19,3.0323
2.3498,34.19,2.7392
2.3602,34.25,3.1121
2.3518,34.25,3.0821
2.3653,34.19,2.97
2.3444,34.25,2.8997
2.3421,34.25,3.0241
2.3606,34.19,3.2048
2.3584,34.19,2.9391
2.3278,34.25,3.0296
2.333,34.25,2.8111
2.335,34.25,3.021
2.3384,34.31,2.7512
2.3153,34.31,3.0839
2.3185,34.31,2.7306
2.3119,34.25,3.1127
2.3409,34.25,3.2226
2.3324,34.25,2.7874
2.3233,34.25,2.8273
2.3452,34.31,2.9291
2.3238,34.31,3.088
2.3312,34.31,2.8296
2.3345,34.31,3.0202
2.3399,34.31,3.0796
2.3205,34.31,3.113
2.3267,34.25,2.7828
2.3357,34.25,3.2177
2.3328,34.25,3.0396
2.3579,34.25,2.9691
2.3273,34.25,3.1368
2.3558,34.25,2.9649
2.3471,34.19,0.5558
2.3238,34.19,3.1361
2.3451,34.13,2.9198
2.3358,34.13,2.6807
2.33,34.13,2.9476
2.3285,34.13,2.7814
2.337,34.13,2.8042
2.3189,34.19,3.1425
2.3483,34.13,3.0536
2.3515,34.13,3.1045
2.3374,34.19,3.0057
2.3442,34.13,3.0451
2.3454,34.13,2.8207
2.3453,34.13,2.8954
2.3386,34.13,3.0157
2.325,34.13,2.9702
2.3362,34.13,2.7894
0.148,31.25,2.9761
2.4004,31.25,2.9856
2.3876,31.19,2.772
2.4073,31.12,3.085
2.4084,31.06,3.1674
2.3949,31,2.7973
2.3994,31,2.8878
2.3967,31,2.8315
2.3997,31,3.1677
2.4135,31.06,0.7502
2.4033,31.06,2.5616
2.3999,31.12,3.2416
2.4101,31.19,3.0773
2.4173,31.25,2.8201
2.4189,31.37,2.9105
2.4046,31.44,2.9835
2.4036,31.5,2.7672
2.4089,31.69,3.0316
2.4159,31.81,3.0476
2.4077,31.87,0.4998
2.4014,32,2.8549
2.4141,32.13,2.8469
2.3962,32.19,2.9227
2.409,32.31,2.8525
2.4086,32.44,2.8547
2.4143,32.56,3.1062
2.3975,32.75,2.8884
2.4052,32.88,3.1732
2.3906,32.94,2.8757
2.3808,33,2.9152
2.4006,33.13,2.9869
2.3646,33.19,2.9165
2.3573,33.25,3.0545
2.3541,33.31,2.9656
2.3695,33.38,2.9591
2.339,33.38,3.0479
2.3422,33.5,3.2051
2.3243,33.56,2.878
2.3324,33.63,0.3748
2.3251,33.69,3.0196
2.3596,33.63,2.8481
2.337,33.69,2.9902
2.3408,33.69,3.1885
2.3647,33.75,3.1215
2.3599,33.75,2.7925
2.3322,33.81,2.8565
2.3643,33.81,3.0537
2.3509,33.88,2.8528
2.3308,33.94,3.0155
2.353,33.88,2.7786
2.3665,33.88,2.9596
2.3538,33.94,2.9797
2.3746,33.94,2.9424
2.3697,33.94,2.9268
2.3624,33.94,2.8971
2.3463,33.88,3.0279
2.3815,33.94,2.759
2.3573,34,2.8359
2.3593,34,2.922
2.3806,33.94,3.0162
2.3671,34,2.8248
2.3629,34,2.9023
2.3638,34.06,2.8093
2.3444,34,2.9056
2.3686,34.06,0.9734
2.3768,34.06,2.6966
2.3784,34.13,2.8361
2.3517,34.06,2.7592
2.3892,34.06,2.8974
2.3832,34.13,3.0629
2.4006,34.13,3.1232
2.3606,34.13,0.635
2.383,34.13,3.2223
2.3736,34.06,2.7915
2.364,34.13,2.9411
2.3683,34.19,3.0809
2.3841,34.25,2.9715
2.4076,34.25,2.9506
2.3915,34.25,3.0608
2.3664,34.25,3.0347
2.3814,34.25,3.0488
2.3736,34.25,2.8954
2.3821,34.25,3.0998
2.3699,34.25,2.7996
2.3796,34.31,2.8927
2.3959,34.31,2.901
2.3691,34.38,2.9903
2.3743,34.38,2.9764
2.3863,34.31,3.1476
2.409,34.31,2.7427
2.3905,34.31,2.7499
2.3731,34.31,2.9098
2.3855,34.25,2.994
2.3802,34.31,2.8263
2.3961,34.25,3.0134
2.3844,34.31,2.9376
2.4,34.31,2.7153
2.4031,34.31,2.9001
2.393,34.38,2.7377
2.3859,34.44,3.1644
2.3957,34.44,3.0552
2.3773,34.44,3.093
2.4003,34.44,2.7162
2.3724,34.44,2.8445
2.376,34.44,3.0173
2.3823,34.44,3.0272
2.3487,34.5,2.8358
2.3822,34.5,2.74
2.388,34.56,2.9381
2.3855,34.56,2.7348
2.3653,34.56,2.8668
2.372,34.63,3.0472
2.3596,34.56,2.8556
2.3693,34.56,2.8566
2.3385,34.56,2.6826
2.3957,34.5,2.8941
2.3799,34.56,2.9054
2.3868,34.56,3.0464
2.3727,34.56,0.6248
2.3767,34.63,2.8925
2.3784,34.63,2.9723
2.349,34.63,2.9401
2.3806,34.63,2.7885
2.3734,34.63,2.6959
2.3596,34.63,3.1645
2.3705,34.63,2.9993
2.3311,34.69,3.0592
2.3718,34.69,2.7764
2.3293,34.69,3.2141
2.348,34.69,3.0512
2.3618,34.75,3.0041
2.3692,34.75,2.8423
2.3479,34.75,2.8504
2.3742,34.75,2.6997
2.3721,34.69,3.0398
2.3287,34.75,3.1781
2.3683,34.75,2.6199
2.3665,34.81,2.7785
2.348,34.88,3.0404
2.3809,34.88,3.1671
2.3751,34.88,2.6225
2.3383,34.81,2.9331
2.3544,34.88,2.9796
2.345,35,2.9921
2.3415,34.94,2.7666
2.3815,34.94,3.1676
2.3476,34.94,2.8986
2.356,34.88,2.8057
2.3577,34.88,2.6615
2.3804,34.88,2.8653
2.3733,34.81,2.8935
2.3333,34.75,3.051
2.3768,34.81,3.0311
2.3731,34.81,2.9049
2.3618,34.75,2.8423
2.3555,34.75,3.1145
2.3775,34.75,3.185
2.3414,34.75,2.888
2.3764,34.81,3.2267
2.3588,34.88,2.8822
2.357,34.88,2.8936
2.3615,34.88,2.946
2.3922,34.88,2.7044
2.3592,34.94,2.8421
2.3367,34.94,2.7066
2.3596,34.88,2.7662
2.3417,34.88,2.9809
2.3357,34.88,0.5625
2.3548,34.94,2.9844
2.3457,34.94,2.8764
2.3663,34.94,3.2348
2.3555,34.94,2.9458
2.3753,34.88,3.0969
2.3685,34.88,0.7498
2.388,34.81,3.1623
2.3637,34.81,3.0277
2.3458,34.75,2.9446
2.372,34.81,3.0646
2.3573,34.81,2.7602
2.3594,34.81,3.2259
2.3658,34.75,2.8146
2.3727,34.75,2.9635
2.3588,34.75,3.1126
2.3632,34.75,2.9464
2.3832,34.75,3.1356
2.3571,34.75,2.9161
2.3588,34.75,2.6999
2.3537,35.06,2.9196
2.3333,35.06,3.0138
2.3565,35.06,3.1149
2.3399,35.13,3.0635
2.3489,35.13,2.7939
2.3399,35.13,3.1523
2.3459,35.06,2.9833
2.3543,35.06,3.0011
2.3418,35.06,3.1716
2.3312,35.06,2.863
2.3357,35.13,2.7999
2.3534,35.13,2.9601
2.343,35.13,2.8809
2.3459,35.13,2.9687
2.3715,35.19,2.9547
2.3568,35.19,2.9386
2.3603,35.13,3.1002
2.3703,35.13,3.0657
2.3621,35.19,3.1245
2.3754,35.19,2.992
2.3615,35.19,2.8774
2.3679,35.19,3.1238
2.3536,35.25,3.0717
2.3526,35.25,2.8311
2.366,35.25,0.0017
2.3801,35.25,2.9313
2.3734,35.25,3.038
2.3658,35.25,3.0453
2.3855,35.31,3.0614
2.375,35.31,2.8605
2.3159,34,0
2.3215,33.88,2.6551
2.3093,33.75,2.9412
2.3441,33.75,2.9425
2.3352,33.69,2.8159
2.3091,33.63,3.1129
2.3363,33.63,3.0665
2.3279,33.56,2.842
2.3401,33.56,2.8255
2.3309,33.5,2.9681
2.3344,33.56,2.8441
2.3279,33.56,3.1987
2.3051,33.56,3.0701
2.3076,33.5,2.9111
2.3289,33.5,3.0089
2.3481,33.5,3.0706
2.3397,33.56,3.0911
2.331,33.56,2.9862
2.3315,33.56,2.8601
2.3443,33.63,3.0629
2.3347,33.63,2.9767
2.3273,33.63,3.0349
2.3405,33.69,3.0335
2.3412,33.75,2.9755
2.3401,33.75,3.1794
2.3397,33.75,2.8422
2.3307,33.88,3.0363
2.3366,33.94,3.0198
2.3421,34,3.0228
2.3502,34.06,2.827
2.3491,34.06,2.9783
2.3538,34.13,2.8197
2.3456,34.13,2.9883
2.3464,34.19,2.946
2.3435,34.19,2.7092
2.3261,34.25,2.9332
2.3613,34.31,2.9709
2.3577,34.31,3.131
2.3573,34.31,2.7297
2.3709,34.31,2.8721
2.3416,34.38,3.0362
2.3525,34.44,2.8263
2.3575,34.5,2.8759
2.3296,34.5,2.8428
2.3599,34.56,2.9524
2.3531,34.63,2.8759
2.3603,34.63,2.7778
2.3537,34.69,3.0493
2.3572,34.63,2.9044
2.3419,34.69,2.9167
2.346,34.69,2.9606
2.3308,34.75,0.4888
2.3427,34.81,2.8954
2.3563,34.81,2.9208
2.3552,34.81,2.9178
2.366,34.81,2.8675
2.3436,34.88,2.9269
2.3712,34.88,2.7482
2.3541,34.94,2.8354
2.3461,34.94,2.7873
2.3621,35,2.974
2.3466,35,0.5318
2.3583,34.94,3.1109
2.3408,35,3.1424
2.3505,35,2.974
2.3553,35,2.9443
2.3639,35,2.8859
2.3522,35,2.8341
2.3483,35,2.8929
2.3326,35.06,2.9406
2.3615,35.06,3.1157
2.345,35.13,3.0037
2.3504,35.13,2.8664
2.348,35.19,2.966
2.3501,35.19,2.87
2.3612,35.19,2.7975
2.332,35.19,2.6849
2.346,35.19,2.9372
2.3409,35.19,2.6905
2.3436,35.25,2.8002
2.3372,35.25,2.7338
2.3609,35.31,2.9631
2.3557,35.44,2.8713
2.37,35.38,3.1372
2.3387,35.44,2.9215
2.363,35.44,3.0746
2.3569,35.38,3.1445
2.3691,35.44,3.2405
2.3663,35.44,3.0617
2.369,35.44,3.0151
2.3659,35.38,3.1683
2.364,35.38,3.1467
2.3604,35.38,2.7233
2.3694,35.38,2.9042
2.363,35.38,2.855
2.3636,35.38,3.0168
2.339,35.38,3.0213
2.3645,35.44,3.054
2.3658,35.44,2.8101
2.3499,35.44,2.938
2.3554,35.38,2.9523
2.37,35.44,2.9539
2.3771,35.44,2.6805
2.3538,35.44,3.0693
2.3576,35.44,3.0923
2.3661,35.44,3.032
2.338,35.44,3.2593
2.3657,35.38,3.0923
2.3564,35.38,2.9608
2.3536,35.38,2.7653
2.3535,35.38,3.0305
2.3486,35.38,2.9384
2.343,35.38,3.1482
2.3554,35.38,2.902
2.3493,35.31,2.8367
2.3522,35.31,2.6219
2.3579,35.31,2.673
2.3591,35.31,3.0647
2.3622,35.31,2.9577
2.3586,35.25,3.0281
2.3681,35.25,3.0799
2.3679,35.25,2.9715
2.3643,35.25,3.0193
2.3427,35.25,3.01
2.3465,35.31,2.8778
2.3568,35.25,3.0074
2.3447,35.31,3.1164
2.3735,35.38,2.9219
2.363,35.44,3.0278
2.3582,35.44,3.019
2.3536,35.44,3.0017
2.3684,35.44,2.8968
2.3509,35.44,2.7355
2.3586,35.5,2.712
2.355,35.56,2.8342
2.3627,35.5,2.6877
2.3395,35.5,3.0437
2.3501,35.56,2.847
2.3721,35.56,2.881
2.3726,35.5,2.9028
2.3564,35.56,2.926
2.378,35.56,3.0269
2.3599,35.5,3.0783
2.3744,35.56,3.0739
2.3507,35.5,2.7098
2.4439,29.25,2.5608
2.4376,29.44,3.0913
2.4593,29.56,3.4317
2.4343,29.69,3.1009
2.4472,29.81,2.7787
2.4268,30,3.202
2.4361,30.12,2.7578
2.4337,30.31,3.2367
2.4273,30.44,2.7226
2.4431,30.62,2.8163
2.4319,30.75,3.1179
2.4356,30.87,2.8202
2.4388,31.06,2.888
2.4499,31.19,3.1832
2.4424,31.31,2.9081
2.4511,31.5,3.1363
2.4467,31.69,2.8781
2.4582,31.81,3.0211
2.4489,31.94,2.9099
2.4523,32.06,2.9481
2.4415,32.19,2.8725
2.4414,32.31,3.0058
2.4521,32.44,2.973
2.4553,32.56,3.0415
2.4573,32.69,2.7685
2.4501,32.75,2.7825
2.4666,32.75,3.0684
2.445,32.88,2.9086
2.4518,32.94,2.7538
2.449,33.06,2.8933
2.4548,33.13,2.8651
2.452,33.13,0.8752
2.4501,33.19,2.8611
2.4601,33.19,2.6249
2.4445,33.25,3.0408
2.4575,33.31,2.907
2.4808,33.38,2.9082
2.4416,33.44,2.9816
2.4762,33.5,3.0411
2.4682,33.63,2.8944
2.4567,33.69,2.8918
2.4737,33.69,3.1201
2.4683,33.75,2.8903
2.4561,33.81,2.8832
2.4556,33.81,2.8098
2.4523,33.88,3.0921
2.4471,33.94,3.0565
2.4559,33.94,2.7825
2.4665,33.94,3.1251
2.4709,34,2.9304
2.4607,33.94,3.0549
2.4601,34,2.9308
2.4659,34,3.0527
2.4698,34,2.9491
2.4674,34,2.885
2.4603,34,2.9989
2.4585,34,2.6734
2.4618,34,2.9975
2.4588,34,2.9323
2.46,34,3.0673
2.4601,34.06,2.7701
2.455,34.06,2.8336
2.4564,34.06,3.0162
2.4553,34.13,3.1697
2.4567,34.13,3.0273
2.442,34.06,0.9216
2.4529,34.06,3.048
2.461,34.06,2.6895
2.4491,34,2.9701
2.4508,34,2.7555
2.4502,34,2.7619
2.4481,34,3.1584
2.4325,34,3.0315
2.4589,34,2.8134
2.4526,34,0.0175
2.4464,34,2.9104
2.4512,34.06,3.3654
2.4422,34.06,3.0009
2.4305,34.06,2.951
2.4459,34.06,3.0932
2.4337,34.06,3.0954
2.4326,34.13,2.9417
2.4244,34.13,3.1495
2.4571,34.06,2.9289
2.4326,34.06,2.7972
2.437,34.06,3.211
2.4548,34.13,2.7795
2.4425,34.13,3.1549
2.4495,34.19,2.9832
2.4522,34.19,3.0037
2.4388,34.25,2.9456
2.4428,34.19,2.9442
2.4327,34.25,3.0093
2.4487,34.25,2.7931
2.4382,34.25,3.1243
2.4437,34.25,2.9926
2.4321,34.25,2.9981
2.4297,34.25,2.9966
2.4294,34.25,2.9271
2.4241,34.25,2.8565
2.4306,34.25,3.0301
2.4449,34.25,3.0761
2.4515,34.25,3.017
2.4481,34.25,2.8834
2.4519,34.25,2.8824
2.4566,34.25,2.8892
2.4488,34.31,2.9377
2.4642,34.38,2.7961
2.4532,34.38,3.0075
2.4518,34.38,3.2122
2.4564,34.31,3.1919
2.4675,34.31,2.9979
2.4557,34.31,2.9664
2.458,34.31,2.7006
2.453,34.31,3.0544
2.4469,34.38,2.8604
2.452,34.38,3.1065
2.4476,34.44,2.9705
2.4424,34.44,2.9403
2.4565,34.5,2.895
2.4559,34.56,3.0416
2.4568,34.56,2.9424
2.4405,34.5,3.2207
2.4412,34.56,3.008
2.4437,34.5,2.7462
2.4503,34.44,2.9295
2.4455,34.44,3.0012
2.4345,34.44,2.9082
2.4487,34.44,2.9846
2.4451,34.44,2.8845
2.4549,34.5,3.123
2.4444,34.44,3.0421
2.4461,34.44,2.9877
2.4373,34.38,2.7654
2.4489,34.44,3.0214
2.4459,34.38,2.7275
2.4408,34.38,3.1246
2.4444,34.38,3.1467
2.4443,34.38,3.0469
2.4563,34.44,3.0474
2.4506,34.44,2.7863
2.4664,34.44,3.1908
2.4475,34.44,2.9874
2.4552,34.44,2.9146
2.4477,34.44,2.7261
2.4558,34.44,2.9097
2.4818,34.44,2.75
2.4577,34.44,2.8866
2.4556,34.5,3.0036
2.4483,34.5,2.6789
2.4606,34.44,2.7437
2.4547,34.38,2.984
2.4775,34.44,2.8805
2.4431,34.38,3.1339
2.4626,34.38,3.2019
2.484,34.44,2.9387
2.4629,34.38,2.9162
2.4475,34.38,2.8125
2.4571,34.31,3.1342
2.4591,34.25,3.0612
2.4841,34.25,0.6775
2.4681,34.31,2.7892
2.4792,34.25,3.2103
2.4543,34.25,2.8534
2.4423,34.19,3.0401
2.4632,34.19,3.2366
2.4601,34.19,3.1962
2.4613,34.19,3.0187
2.4547,34.25,3.0267
2.4845,34.25,3.1952
2.4863,34.25,2.8652
2.4571,34.31,3.0033
2.4478,34.31,2.9883
2.4501,34.25,3.096
2.4539,34.25,3.0452
2.4418,34.25,3.0188
2.4459,34.25,2.8212
2.4617,34.38,3.0758
2.4548,34.38,2.9679
2.458,34.38,3.0092
2.4546,34.38,2.8427
2.4496,34.38,2.8012
2.4527,34.44,3.1711
2.4453,34.5,3.0651
2.4334,34.5,3.0008
2.4364,34.5,2.8579
2.4327,34.44,3.1279
2.4493,34.44,2.9875
2.4242,34.44,2.94
2.442,34.44,2.889
2.4126,34.44,2.9035
2.4508,34.38,2.9326
2.4443,34.38,2.8785
2.433,34.38,3.0427
2.4378,34.31,2.872
2.425,34.31,2.9636
2.4216,34.31,2.9366
2.425,34.31,2.8458
2.4392,34.38,2.7899
2.4366,34.38,2.8424
2.4253,34.38,3.041
2.4294,34.5,3.1517
2.4255,34.5,2.9883
2.4264,34.5,2.792
2.4407,34.44,2.828
2.4237,34.44,3.0725
2.4286,34.38,2.5766
2.4289,34.38,3.119
2.4319,34.38,3.0821
2.431,34.38,3.0848
2.4494,34.44,3.1289
2.4386,34.38,3.0282
2.4294,34.38,2.7638
2.4312,34.38,2.9916
2.4353,34.31,2.859
2.4412,34.31,2.9788
2.4458,34.25,3.0936
2.4284,34.19,2.9989
2.439,34.19,3.1425
2.4294,34.19,3.1415
2.4402,34.25,2.9771
2.4461,34.25,3.0446
2.4228,34.31,2.8258
2.4311,34.31,2.7089
2.429,34.31,2.7564
2.4216,34.25,2.8035
2.4355,34.19,2.8516
2.4283,34.13,2.7254
2.4244,34.13,2.8455
2.4292,34.13,2.8909
2.4356,34.13,3.0814
2.4355,34.13,2.8995
2.4458,34.06,2.9988
2.4476,34.13,3.0468
2.4713,34.13,3.1173
2.445,34.06,2.8138
2.4503,34.06,3.1321
2.4742,34,2.9557
2.4599,33.94,2.7587
2.4631,33.94,3.1171
2.4666,34,2.8691
2.4751,34,2.9059
2.4695,34.06,2.83
2.4753,34.13,2.9979
2.4837,34.13,2.7881
2.4858,34.13,2.9987
2.4887,34.06,2.8537
2.4701,34.06,2.7578
2.4866,34,3.0621
2.4697,33.94,2.8453
2.4585,33.94,2.6908
2.4553,33.94,2.9613
2.4637,33.94,2.8899
2.4594,33.94,2.814
2.4593,33.94,2.8439
2.4834,34,3.0148
2.4534,33.94,2.661
2.4665,33.94,2.6135
2.4655,33.94,2.8467
2.4691,34,2.78
2.4619,34,2.7439
2.4696,34,2.7854
2.4695,34.06,2.8979
2.471,34,3.0933
2.4726,34,3.0712
2.4793,34,2.9941
2.4633,34,3.1446
2.4865,34.06,2.9982
2.4831,34,3.1685
0.0989,25.69,2.9889
2.2877,25.69,2.9836
2.2683,25.69,2.7487
2.2637,25.75,3.2198
2.2954,25.81,3.297
2.2722,25.81,3.5544
2.2975,25.87,2.6186
2.2885,26,2.9979
2.3059,26.12,2.8702
2.2988,26.25,3.1328
2.2963,26.37,3.4492
2.3077,26.56,3.0439
2.3053,26.69,2.8063
2.3005,26.87,3.2233
2.2875,27.06,2.5896
2.2836,27.25,3.3267
2.2855,27.44,2.8303
2.2829,27.69,3.1456
2.2721,27.87,2.4735
2.2765,28.06,2.8472
2.2905,28.25,2.9154
2.3052,28.44,3.2458
2.2891,28.62,2.843
2.2914,28.81,2.8201
2.2986,29,2.7469
2.2754,29.19,3.0941
2.2742,29.37,2.8766
2.2954,29.56,3.3096
2.2934,29.69,3.2787
2.2825,29.81,2.9823
2.2616,29.94,3.2427
2.2827,30.12,3.2374
2.2909,30.25,3.3343
2.2629,30.37,2.705
2.2667,30.5,3.0586
2.2705,30.62,2.9357
2.2872,30.69,2.8506
2.2566,30.75,3.3577
2.2875,30.87,3.1504
2.2895,30.87,2.8213
2.282,30.94,3.1842
2.2889,31,3.0627
2.2888,31.12,3.1045
2.2947,31.25,3.1091
2.2901,31.31,2.9381
2.3097,31.37,3.0165
2.2998,31.44,2.5256
2.2964,31.5,3.4617
2.2837,31.62,2.8574
2.2917,31.62,3.0153
2.2884,31.75,2.8308
2.2901,31.81,3.3609
2.2858,31.94,3.3498
2.2879,31.94,3.2083
2.2799,32,2.9675
2.2977,32.06,2.9506
2.2823,32.13,3.1184
2.2563,32.25,2.8006
2.2878,32.31,3.1194
2.2889,32.38,3.4346
2.2844,32.38,3.1197
2.2994,32.44,2.6648
2.2918,32.5,3.0917
2.2911,32.56,3.3352
2.3124,32.56,3.0567
2.2959,32.63,2.935
2.2837,32.63,2.7544
2.2855,32.63,3.2062
2.2758,32.56,2.6262
2.3182,32.63,3.0274
2.2871,32.69,3.1354
2.2908,32.75,3.4106
2.3114,32.69,2.4436
2.2867,32.75,3.2478
2.3044,32.75,3.4763
2.2849,32.75,3.1555
2.295,32.81,3.0826
2.2893,32.81,2.9955
2.2887,32.88,2.5084
2.2848,32.94,3.6277
2.2958,33,3.0001
2.2964,33.06,2.9504
2.3029,33.06,2.8892
2.2923,33.06,3.2673
2.2971,33,2.7131
2.3016,33,3.3655
2.3054,33,2.8756
2.3102,33,2.6636
2.3098,33.06,3.1615
2.3061,33.13,2.7175
2.2775,33.19,2.8066
2.2967,33.13,3.1654
2.2927,33.19,2.6167
2.3017,33.19,2.6435
2.2974,33.19,2.7538
2.2609,33.19,2.8941
2.2808,33.13,3.5847
2.2793,33.19,2.7153
2.2762,33.31,2.9418
2.3072,33.44,2.4535
2.288,33.44,3.1113
2.2649,33.44,3.0365
2.2773,33.44,3.3095
2.2968,33.44,3.5199
2.2966,33.44,2.4827
2.2922,33.5,3.2304
2.2822,33.5,3.276
2.2856,33.5,3.1035
2.2779,33.44,2.8946
2.3016,33.56,2.9676
2.289,33.63,2.5911
2.3019,33.56,3.07
2.2857,33.56,3.075
2.2981,33.5,2.4249
2.2864,33.5,3.1862
2.2832,33.44,2.9956
2.2857,33.5,3.1434
2.2779,33.56,2.8964
2.2867,33.56,3.075
2.281,33.56,2.4701
2.2833,33.56,2.9112
2.2954,33.56,2.4971
2.3002,33.63,3.5319
2.3066,33.56,3.1711
2.2939,33.63,3.115
2.2898,33.63,2.4643
2.2991,33.63,3.1336
2.2929,33.63,2.8785
2.2941,33.56,2.6263
2.3036,33.56,2.9372
2.3001,33.63,2.7896
2.3091,33.75,2.6552
2.2966,33.75,3.0678
2.296,33.69,3.0101
2.2919,33.63,2.6652
2.3122,33.63,2.915
2.3021,33.69,2.9954
2.2985,33.75,2.7396
2.3024,33.81,2.7973
2.2917,33.81,3.1279
2.314,33.81,2.8005
2.3142,33.88,2.9547
2.2947,33.81,3.0333
2.2976,33.81,2.8087
2.296,33.81,3.2079
2.3052,33.81,2.7509
2.3036,33.81,3.145
2.3067,33.81,3.1886
2.3096,33.94,2.7552
2.2947,33.94,2.8714
2.3029,33.94,2.7063
2.2957,33.94,2.9665
2.2824,33.94,3.1487
2.2787,33.94,2.6882
2.2966,33.94,2.6759
2.2785,33.94,3.2862
2.2827,34,3.3039
2.2789,33.94,2.9416
2.2662,33.94,3.2917
2.2887,33.88,3.024
2.2692,33.88,3.1083
2.2823,33.81,3.1292
2.2752,33.88,2.8737
2.278,33.81,3.1193
2.2597,33.88,2.7492
2.2787,33.94,2.4715
2.2872,33.94,3.2083
2.2866,33.94,3.1827
2.286,33.94,3.0774
2.2906,33.94,3.3726
2.2927,33.88,2.8396
2.2854,33.94,2.7914
2.2984,33.94,3.1549
2.2888,33.94,3.1105
2.2816,33.88,3.1038
2.2764,33.94,3.3757
2.296,33.88,2.7011
2.2864,33.88,3.1174
2.2827,33.88,2.846
2.2734,34,2.998
2.2903,34.06,2.911
2.2811,34.13,2.9281
2.2933,34.13,3.2329
2.2998,34.13,3.1617
2.3091,34.19,2.5814
2.2976,34.19,3.0227
2.292,34.25,2.8199
2.2814,34.25,3.1339
2.2743,34.19,2.9618
2.283,34.19,2.6651
2.2724,34.06,2.7316
2.2865,34.06,3.2283
2.296,34.06,3.5919
2.2908,34.06,2.8249
2.2788,34.13,2.9916
2.2859,34.13,3.456
2.2629,34.19,3.1762
2.2607,34.19,2.5145
2.2805,34.19,2.6784
2.2501,34.19,2.9108
2.2478,34.19,2.7536
2.255,34.19,4.046
2.25,34.19,2.426
2.2638,34.13,3.1847
2.2652,34.19,3.6242
2.251,34.13,3.015
2.2597,34.13,2.897
2.2578,34.13,2.3821
2.2597,34.06,2.8793
2.2428,34.06,2.6817
2.2524,34.06,3.0994
2.2631,34.06,3.2868
2.2628,34.06,3.1362
2.2533,34.06,2.6027
2.2576,34.06,2.8882
2.2516,34,2.8652
2.2538,34.06,3.0975
2.2734,34.06,2.9189
2.2678,34.06,3.0855
2.2604,34,2.8803
2.2621,34,2.953
2.262,34.06,3.1288
2.2391,34.13,3.4199
2.2678,34.13,2.9051
2.2577,34.19,2.7978
2.2697,34.19,2.8091
2.2706,34.19,3.3922
2.2538,34.19,3.0119
2.2473,34.19,2.4418
2.2686,34.19,2.7377
2.2808,34.19,2.6462
2.2605,34.19,2.9752
2.2618,34.25,3.6485
2.2704,34.31,2.4733
2.2488,34.38,2.8031
2.2651,34.38,3.1396
2.2925,34.38,2.9068
2.2769,34.38,3.1719
2.2846,34.38,3.0079
2.2798,34.31,2.7668
2.2524,34.31,3.1468
2.2743,34.31,2.9949
2.2579,34.25,2.9396
2.253,34.25,2.7848
2.2989,34.25,3.1146
2.2621,34.25,3.0313
2.2619,34.31,3.0035
2.2638,34.31,2.8967
2.2513,34.38,2.8323
2.2589,34.38,3.3688
2.2501,34.38,2.832
2.2387,34.31,3.3558
2.2409,34.38,3.0997
2.2828,34.44,2.8009
2.2964,34.38,2.4018
2.2937,34.31,2.4279
2.295,34.38,2.9083
2.2927,34.31,2.8457
2.2783,34.25,3.4319
2.2836,34.19,3.1435
2.2857,34.25,2.3749
2.2892,34.25,2.5922
2.2911,34.31,2.6747
2.2758,34.31,2.7603
2.2528,34.38,3.2698
2.2518,34.38,2.7161
2.253,34.38,3.0402
2.2433,34.38,2.6832
2.2279,34.38,3.0648
2.238,34.38,3.0596
2.245,34.31,3.0014
2.2432,34.25,2.6426
2.2475,34.25,3.1283
2.245,34.19,3.1684
2.2438,34.19,3.1708
2.2507,34.25,3.0015
2.25,34.25,2.7903
2.2479,34.19,3.3493
2.247,34.13,3.0924
2.2376,34.13,3.0504
2.2437,34.13,3.4481
2.2501,34.13,3.4984
2.2428,34.13,3.0488
2.2508,34.13,3.0486
2.2448,34.06,2.8401
2.2501,34.13,2.6125
2.2386,34.13,3.3042
2.2564,34.19,2.9955
2.2377,34.19,2.7498
2.2382,34.19,2.8075
2.2533,34.13,2.9402
2.234,34.19,2.7877
2.2397,34.19,3.5535
2.2541,34.25,2.7794
2.2441,34.31,2.9926
2.2447,34.38,3.1779
2.2467,34.38,2.7083
2.2411,34.31,2.8749
2.251,34.31,3.2426
2.2477,34.38,2.5557
2.2525,34.38,2.9709
2.2466,34.38,2.9505
2.256,34.31,2.6261
2.2561,34.31,3.2613
2.2514,34.38,3.0361
2.2513,34.44,2.8441
2.2476,34.5,2.807
2.255,34.5,2.9494
2.2343,34.5,2.6771
2.2577,34.5,2.6808
2.2443,34.44,3.6271
2.2582,34.38,3.178
2.2406,34.31,3.3618
2.2442,34.31,3.2712
2.2417,34.31,2.842
2.2386,34.25,2.552
2.2425,34.25,3.1664
2.2346,34.19,3.0357
2.2339,34.25,2.8249
2.2359,34.25,2.7618
2.2484,34.19,3.0261
2.2302,34.19,3.2137
2.2483,34.25,2.9408
2.2522,34.31,3.1287
2.244,34.31,2.7941
2.2539,34.31,2.6847
2.2443,34.38,3.2612
2.2499,34.31,3.1367
2.2565,34.31,3.1339
2.2413,34.38,2.7117
2.2414,34.38,3.0574
2.2583,34.31,3.1644
2.2692,34.31,2.6744
2.2402,34.31,2.9175
2.2454,34.31,2.8942
2.2469,34.38,3.3893
2.2432,34.38,2.8877
2.2404,34.44,2.9157
2.237,34.38,3.3204
2.2514,34.38,2.8105
2.2413,34.5,2.6045
2.2475,34.5,2.5301
2.2551,34.5,3.0574
2.2339,34.5,3.1507
2.2434,34.44,3.1365
2.2601,34.38,2.9087
2.2503,34.31,3.2383
2.2537,34.38,3.1268
2.2592,34.31,3.1135
2.2713,34.38,2.6367
2.2639,34.38,2.6471
2.2786,34.38,2.7649
2.2579,34.44,2.7159
2.2461,34.5,2.896
2.2357,34.44,3.2557
2.2416,34.44,3.0168
2.2356,34.44,2.6458
2.2397,34.56,2.9021
2.2444,34.56,2.8759
2.2501,34.56,2.6173
2.2392,34.56,0
2.238,34.5,2.8789
2.2439,34.56,2.8671
2.2626,34.5,2.8054
2.2487,34.5,3.0446
2.2578,34.56,3.251
2.2298,34.5,2.7464
2.2362,34.5,3.0006
2.2451,34.5,3.2578
2.2529,34.38,3.0005
2.2602,34.31,3.2164
2.2712,34.31,3.3666
2.2703,34.31,2.6662
2.2629,34.31,2.6246
2.256,34.31,3.359
2.2569,34.31,3.0882
2.2639,34.38,2.8283
2.2167,34.31,2.485
2.2394,34.25,2.9757
2.2408,34.25,3.2567
2.2158,34.25,2.8958
2.2346,34.25,2.9732
2.2265,34.19,3.1953
2.2146,34.25,2.9773
2.2123,34.25,3.7209
2.2153,34.19,2.7264
2.2215,34.13,3.1844
2.2318,34.13,2.4701
2.2345,34.19,2.8788
2.2346,34.19,2.8486
2.2232,34.13,2.6919
2.2236,34.19,3.6236
2.2235,34.25,2.933
2.2229,34.25,2.7964
2.235,34.25,3.1315
2.218,34.25,3.1565
2.2445,34.31,2.9851
2.2321,34.31,2.8878
2.2277,34.25,2.5408
2.2293,34.19,2.6183
2.2367,34.13,2.6632
2.2197,34.13,2.6993
2.2292,34.06,2.8184
2.2352,34.06,3.1884
2.2424,34.06,2.9016
2.2195,34.06,3.3137
2.2311,34.06,3.0384
2.2355,34.13,2.8854
2.2251,34.19,2.648
2.2331,34.19,2.5798
2.2302,34.13,2.7749
2.2273,34.13,2.8209
2.2251,34.06,3.2972
2.2228,34.06,3.2792
2.226,34,3.0267
2.2307,34,2.4571
2.2213,34,3.081
2.2171,34,3.3873
2.2119,34,3.2611
2.2226,34,2.9985
2.2274,34.06,2.9707
2.2421,34,2.7266
2.2146,34,3.0364
2.2245,34,3.4004
2.2158,34,2.9304
2.2133,34,2.6414
2.2081,33.94,2.6383
2.2252,34,2.8235
2.2361,34,3.1509
2.2337,34.06,2.9205
2.2464,34.06,2.8776
2.2348,34.13,2.9709
2.2314,34.13,3.6479
2.2305,34.13,2.6471
2.2331,34.13,3.1023
2.2321,34.19,3.063
2.2278,34.19,2.8889
2.2373,34.19,2.9129
2.2148,34.19,3.1313
2.2248,34.25,3.1142
2.2148,34.19,3.0133
2.2217,34.19,3.0671
2.2203,34.25,3.0832
2.2255,34.31,3.3571
2.2197,34.31,2.5868
2.2236,34.31,3.1546
2.231,34.31,2.7555
2.2311,34.38,2.8645
2.2165,34.31,3.003
2.2231,34.38,3.7005
2.2205,34.31,3.1933
2.2236,34.31,3.4828
2.2266,34.38,2.9864
2.2303,34.31,2.6061
2.2343,34.31,3.4266
2.226,34.31,3.0718
2.223,34.31,2.622
2.2257,34.31,3.3505
2.2147,34.25,3.2801
2.221,34.31,3.257
2.2242,34.31,3.144
2.2161,34.31,2.8783
2.2222,34.31,2.9478
2.2158,34.25,3.2542
2.2241,34.31,3.3191
2.2296,34.31,2.8861
2.2262,34.31,2.7585
2.2267,34.31,3.1663
2.2184,34.31,3.0412
2.2099,34.38,3.4818
2.2172,34.44,2.9951
2.2302,34.5,3.1498
2.2179,34.44,3.1416
2.2233,34.44,3.2953
2.2198,34.5,3.0479
2.2355,34.44,2.9213
2.2207,34.44,2.9637
2.2288,34.5,3.325
2.2204,34.5,2.7764
2.2197,34.56,2.8895
2.221,34.56,3.2991
2.2154,34.56,2.7308
2.21,34.56,3.0885
2.2195,34.5,2.9789
2.2235,34.5,2.8946
2.2127,34.44,2.7219
2.2132,34.44,2.8138
2.2205,34.5,2.7973
2.2216,34.44,2.7473
2.2144,34.5,3.5038
2.2184,34.56,3.113
2.2297,34.63,3.0449
2.2086,34.69,3.2316
2.2163,34.75,3.1251
2.2149,34.75,2.7722
2.2052,34.81,3.2392
2.2236,34.81,3.1161
2.2282,34.75,2.9745
2.2192,34.75,3.2978
2.2206,34.75,2.8383
2.2341,34.81,3.0678
2.213,34.75,3.0173
2.2126,34.75,3.1538
2.2115,34.75,3.2104
2.2111,34.75,3.0382
2.2062,34.69,2.8033
2.2197,34.75,2.8643
2.2282,34.69,3.0019
2.2181,34.69,3.1299
2.2124,34.75,3.3376
2.2035,34.69,2.9321
2.2103,34.75,2.9079
2.2186,34.69,3.1352
2.2238,34.69,2.7263
2.2345,34.69,3.1304
2.2289,34.69,3.0572
2.2464,34.75,2.8104
2.2263,34.75,3.0651
